{"MSE": 0.9675643683117992, "R2 Score": 0.09599535050245755}